{"cameraMode":{"drawMode":0,"name":"Shaded","section":"Shading Mode"},"sceneLighting":true,"audioPlay":false,"sceneViewState":{"m_AlwaysRefresh":false,"showFog":true,"showSkybox":true,"showFlares":true,"showImageEffects":true,"showParticleSystems":true,"showVisualEffectGraphs":true,"m_FxEnabled":true},"in2DMode":false,"pivot":{"x":-7.873412132263184,"y":2.3463311195373537,"z":4.435792446136475},"rotation":{"x":0.24214771389961244,"y":0.6530038118362427,"z":-0.26079264283180239,"w":0.6707698106765747},"size":0.15000000596046449,"orthographic":false}